ticker,security,sector,sub_industry,first_year,last_year,n_years,first_margin,last_margin,change_since_first,change_1y,change_3y,change_5y,change_10y
A,Agilent Technologies,Health Care,Life Sciences Tools & Services,2009,2025,17,0.5114929703191252,0.5243235463442717,0.012830576025146478,-0.01868720634390031,-0.019192808795915228,-0.007049369932184524,0.018875304640457946
AAPL,Apple Inc.,Information Technology,"Technology Hardware, Storage & Peripherals",2009,2025,17,0.4013984384104416,0.4690516410716045,0.06765320266116293,0.0069881429192651945,0.03595533545800372,0.08671916379349592,0.06845262089746079
ABT,Abbott Laboratories,Health Care,Health Care Equipment,2009,2025,17,0.5706336809903634,0.5641806533116765,-0.006453027678686829,0.010092453073297536,0.0026843071269927465,-0.002306864025355404,-0.007149902924540097
ADBE,Adobe Inc.,Information Technology,Application Software,2009,2025,17,0.8992712806782959,0.8926753334174765,-0.006595947260819357,0.002324252273556482,0.01564477565307798,0.02649566291701022,0.0478865298885095
ADI,Analog Devices,Information Technology,Semiconductors,2009,2025,17,0.5551801868869447,0.614669518890112,0.059489332003167306,0.04383538512104457,-0.012307630096570432,-0.043984972516006415,-0.04303106089057507
AKAM,Akamai Technologies,Information Technology,Internet Services & Infrastructure,2009,2025,17,0.7092976867149817,0.589486416320614,-0.11981127039436767,-0.004418676123502552,-0.027889478636437426,-0.05634872144188541,-0.08030326698474743
AMAT,Applied Materials,Information Technology,Semiconductor Materials & Equipment,2009,2025,17,0.2853843550162587,0.4867456288776086,0.2013612738613499,0.01217247609574229,0.021630251720346605,0.0395883215877586,0.07759354274032737
AMZN,Amazon,Consumer Discretionary,Broadline Retail,2009,2025,17,0.2256722020482272,0.5028566486824266,0.27718444663419944,0.01431271404085882,0.06480325002916382,0.10717872999536954,0.17245461515159666
APD,Air Products,Materials,Industrial Gases,2009,2025,17,0.2681742205857416,0.3141319066568084,0.04595768607106682,-0.010802394121665393,0.049527934565396725,-0.024406760732507693,0.01591767508296732
BA,Boeing,Industrials,Aerospace & Defense,2009,2025,17,0.1719512016519969,0.0479416071448531,-0.1240095945071438,0.0778738049288782,-0.004634659970208101,0.1456925614417684,-0.0979892666092306
BAX,Baxter International,Health Care,Health Care Equipment,2009,2025,17,0.5194236586530807,0.3005158306652437,-0.21890782798783703,-0.0740610779470165,-0.05659394237783183,-0.09244227779016623,-0.11541514846798262
BDX,Becton Dickinson,Health Care,Health Care Equipment,2009,2025,17,0.5255330564397586,0.4544413919413919,-0.07109166449836668,0.002216196183635888,0.005209807415689771,0.011782047430087372,-0.0021818331120996293
BIIB,Biogen,Health Care,Biotechnology,2009,2025,17,0.912708790802102,0.7569207125957981,-0.15578807820630391,-0.004300465795876063,-0.019132524276830543,-0.10880976655568286,-0.127841174470108
BMY,Bristol Myers Squibb,Health Care,Pharmaceuticals,2009,2025,17,0.7267120374308805,0.7108353736979707,-0.015876663732909857,2.7920281821636195e-05,-0.06955414947194205,-0.012270134557356482,-0.05311390166434815
BSX,Boston Scientific,Health Care,Health Care Equipment,2009,2025,17,0.6853932584269663,0.6901464581050114,0.004753199678045106,0.004053426517264369,0.0020057862866862397,0.03968746486381303,-0.01922895984336359
CAT,Caterpillar Inc.,Industrials,Construction Machinery & Heavy Transportation Equipment,2009,2025,17,0.1914014895057549,0.3378804243294027,0.1464789348236478,-0.04185078584202412,0.0336920924263957,0.034488645082492664,0.10219056997916379
CF,CF Industries,Materials,Fertilizers & Agricultural Chemicals,2009,2025,17,0.321806471400092,0.3845285149632976,0.0627220435632056,0.038167328979470116,-0.13943000461474636,0.190299610986576,0.02543095908278792
CL,Colgate-Palmolive,Consumer Staples,Household Products,2009,2025,17,0.5877210152019312,0.6010695711902659,0.013348555988334732,-0.003925205189018621,0.030690542971865575,-0.007090224814833901,0.014877728855227867
CMI,Cummins,Industrials,Construction Machinery & Heavy Transportation Equipment,2009,2025,17,0.2008333333333333,0.2529254529254529,0.05209211959211957,0.005461961048143671,0.013593686878576788,0.005890977129178077,-0.005944248801391716
COR,Cencora,Health Care,Health Care Distributors,2009,2025,17,0.0292652632755383,0.0357216515752161,0.006456388299677797,0.0020093225815676005,0.0009487310415638994,0.008380682280600599,0.009763530087227298
CVS,CVS Health,Health Care,Health Care Services,2009,2025,17,0.206423644521873,0.449925012497917,0.243501367976044,0.003256611252238917,0.06050531994022901,0.060186785588209,0.27686740926222
DGX,Quest Diagnostics,Health Care,Health Care Services,2009,2025,17,0.4203441792574702,0.3321250566379701,-0.0882191226195001,0.003518897804906884,-0.015239104041985307,-0.05284898172167812,-0.04636153084367939
DHR,Danaher Corporation,Health Care,Life Sciences Tools & Services,2009,2025,17,0.4720830817300909,0.5911348095083034,0.11905172777821255,-0.0038808972979792467,-0.010975069427859974,0.0313161055054314,0.06774582632969706
DOV,Dover Corporation,Industrials,Industrial Machinery & Supplies & Components,2009,2025,17,0.363446508286717,0.397669541607976,0.03422303332125903,0.015710368062301805,0.037593811314636294,0.02751576588891974,0.028487657704280522
ECL,Ecolab,Materials,Specialty Chemicals,2009,2025,17,0.4953055621462224,0.4446434345695594,-0.050662127576662996,0.010012461466785805,0.06707961213056252,0.0303671712322115,-0.02206408327822318
EMR,Emerson Electric,Industrials,Electrical Components & Equipment,2009,2025,17,0.3681090126703323,0.528363676731794,0.16025466406146166,0.02041718690787442,0.11122576853473859,0.11078846076515708,0.12269653182505086
F,Ford Motor Company,Consumer Discretionary,Automobile Manufacturers,2009,2025,17,0.0554994192250668,0.0683569448968585,0.012857525671791693,-0.07520601998810951,-0.081335887435781,-0.04483754324257391,-0.04920348934755331
FAST,Fastenal,Industrials,Trading Companies & Distributors,2009,2025,17,0.5094647029264426,0.4501188951893177,-0.059345807737124945,-0.0007027321629218819,-0.010557837469766018,-0.004576268871383904,-0.053587438983726976
GILD,Gilead Sciences,Health Care,Biotechnology,2009,2025,17,0.7724331989851361,0.7882688584723024,0.015835659487166365,0.005664699051004529,-0.00437070752601143,-0.026547456485776055,-0.08899453807783697
GRMN,Garmin,Consumer Discretionary,Consumer Electronics,2009,2025,17,0.4901206201382007,0.5874393538958355,0.09731873375763478,0.00039600893721059016,0.009947617812814835,-0.005249702284481961,0.04185187468285234
GWW,W. W. Grainger,Industrials,Industrial Machinery & Supplies & Components,2009,2025,17,0.4176357696435112,0.3906476424032995,-0.026988127240211657,-0.002991686580856967,0.006552554407502298,0.03140376684171614,-0.03362440006493389
HD,Home Depot (The),Consumer Discretionary,Home Improvement Retail,2009,2025,17,0.3386726305609284,0.3331552133492831,-0.005517417211645281,-0.0010348890868667193,-0.00214970460018421,-0.006357314089971977,-0.008748784662443165
HOLX,Hologic,Health Care,Health Care Equipment,2009,2025,17,0.7127327390427418,0.5164979880502377,-0.1962347509925041,-0.0362648335759439,-0.09989585911600396,-0.07334948573431899,-0.013150810471019181
HPQ,HP Inc.,Information Technology,"Technology Hardware, Storage & Peripherals",2009,2025,17,0.5067480270968643,0.2060222443258884,-0.3007257827709759,-0.0146316140359182,0.011092980297912003,0.021749923133776994,-0.28039834490540183
HSY,Hershey Company (The),Consumer Staples,Packaged Foods & Meats,2009,2025,17,0.3874817218214087,0.3354856106986176,-0.05199611112279112,-0.1377123493921248,-0.09628884542096211,-0.1186734836210761,-0.12246027690960842
IBM,IBM,Information Technology,IT Consulting & Other Services,2009,2025,17,0.4572463919463648,0.5818760642629748,0.12462967231660999,0.015353348217526763,0.04186284767615833,0.09865139705297749,0.08415766101368738
INTC,Intel,Information Technology,Semiconductors,2009,2025,17,0.5568650895322687,0.3476623843490435,-0.20920270518322515,0.021020701518211726,-0.07841684932368148,-0.2124208344727937,-0.27882122146795585
IP,International Paper,Materials,Paper & Plastic Packaging Products & Materials,2009,2025,17,0.3486262090216554,0.296056528729796,-0.05256968029185943,0.014462458156725477,0.01166543190072361,-0.0055469698124779865,-0.012327106414402489
ISRG,Intuitive Surgical,Health Care,Health Care Equipment,2009,2025,17,0.7138137635814813,0.6599600584220096,-0.05385370515947174,-0.014624776529679195,-0.014399492862102181,0.003480616424946459,-0.0017997134283511684
ITW,Illinois Tool Works,Industrials,Industrial Machinery & Supplies & Components,2009,2025,17,0.3410097867935792,0.5290451259037646,0.18803533911018544,0.007344283030447207,0.12087289391782441,0.11557288159010154,0.11748227622081053
JCI,Johnson Controls,Industrials,Building Products,2009,2025,17,0.560016244126008,0.3641295134768605,-0.19588673064914752,0.012221183048139739,0.03435363300727673,0.03205082906587342,-0.22464043198870198
KMB,Kimberly-Clark,Consumer Staples,Household Products,2009,2025,17,0.3358618885691865,0.360126466832857,0.02426457826367051,0.002164556373190074,0.0518736787287678,0.00370013454445578,0.003825030654060868
LLY,Lilly (Eli),Health Care,Pharmaceuticals,2009,2025,17,0.8055046711851988,0.8304361834333144,0.024931512248115628,0.017332173238543636,0.06272331721091462,0.05388136228562779,0.08281735054339667
LMT,Lockheed Martin,Industrials,Aerospace & Defense,2009,2025,17,0.0934740755493593,0.1015216927832853,0.008047617233925997,0.003975136472318799,-0.024069359593048317,-0.030806512972242406,-0.011198328026564702
LOW,Lowe's,Consumer Discretionary,Home Improvement Retail,2009,2025,17,0.3486446421008047,0.334758825301903,-0.013885816798901718,0.00159679169528687,0.002414581079316802,0.004703131472868605,-0.013448507873436433
MAS,Masco,Industrials,Building Products,2009,2025,17,0.2589835728952772,0.3542713567839196,0.0952877838886424,-0.007379128652973632,0.0417137530972837,-0.005634041101444942,0.03881350184132648
MDLZ,Mondelez International,Consumer Staples,Packaged Foods & Meats,2009,2025,17,0.361511414846729,0.2837532760723461,-0.07775813877438292,-0.10748187115193425,-0.07540344224109052,-0.10923419618227181,-0.1046932079335926
MMM,3M,Industrials,Industrial Conglomerates,2009,2025,17,0.4763222765212127,0.3991101491101491,-0.07721212741106359,-0.013015995345598608,-0.0390271029275967,-0.0849502535744146,-0.09276406638829843
MO,Altria,Consumer Staples,Tobacco,2009,2025,17,0.3750212260146034,0.6246831908587138,0.2496619648441104,0.02650682313450703,0.057023005968691476,0.126728845276945,0.18770906174021101
MSI,Motorola Solutions,Information Technology,Communications Equipment,2009,2025,17,0.3201324623480312,0.5166067454203047,0.1964742830722735,0.007038473256118727,0.052493488177108916,0.029959861147307698,0.039170397746907004
NFLX,Netflix,Communication Services,Movies & Entertainment,2009,2025,17,0.35383402314238,0.4848657580247595,0.1310317348823795,0.024300191520586323,0.09115870564072703,0.09601493291859081,0.16212345404442818
NUE,Nucor,Materials,Steel,2009,2025,17,0.0137970434383505,0.1193451098664368,0.1055480664280863,-0.014122710788212686,-0.1818482641626229,0.008720093294655909,0.023157053896088797
OKE,Oneok,Energy,Oil & Gas Storage & Transportation,2009,2025,17,0.1814263244948928,0.3049748728775759,0.12354854838268312,-0.08155844816583818,0.10499061423193631,-0.09680442581239329,0.031614356616639416
PEP,PepsiCo,Consumer Staples,Soft Drinks & Non-alcoholic Beverages,2009,2025,17,0.535089748334567,0.541485227575193,0.006395479240626001,-0.004054433190805229,0.011158345456478314,-0.006673130862822063,-0.00837521393711349
PM,Philip Morris International,Consumer Staples,Tobacco,2009,2025,17,0.2579413659793814,0.6711769336744735,0.4132355676950921,0.023069853047196442,0.03015936551125964,0.004661285803838511,0.435356724766101
QCOM,Qualcomm,Information Technology,Semiconductors,2009,2025,17,0.6946044546850998,0.5542859723602204,-0.14031848232487942,-0.007851494915586787,-0.024107692798150726,-0.05240307612900663,-0.03520811410787816
ROK,Rockwell Automation,Industrials,Electrical Components & Equipment,2009,2025,17,0.3622619734564339,0.4814193239031407,0.11915735044670678,0.09500563594786371,0.08169766007137941,0.07142216759488457,0.052893190007549495
ROP,Roper Technologies,Information Technology,Electronic Equipment & Instruments,2009,2025,17,0.5089302267489174,0.6924391015501423,0.1835088748012249,-0.0005799915286166524,-0.006172164692085591,0.05141578009766268,0.08819361773275203
SHW,Sherwin-Williams,Materials,Specialty Chemicals,2009,2025,17,0.459973846421235,0.4884768582736284,0.0285030118523934,0.003809022699889919,0.06745820723452489,0.01561214531132099,-0.0017848015248917992
STLD,Steel Dynamics,Materials,Steel,2009,2025,17,0.1008071625636618,0.1316079740188762,0.03080081145521439,-0.0281710274742491,-0.1533498477514315,-0.018034729318142012,0.03525843486435849
SYK,Stryker Corporation,Health Care,Health Care Equipment,2009,2025,17,0.6751944787374872,0.6396321070234113,-0.035562371714075836,0.0005526646689081316,0.012064217164882374,0.008526260740922331,-0.02415232893074104
TEL,TE Connectivity,Information Technology,Electronic Manufacturing Services,2009,2025,17,0.2472698907956318,0.3521608156644653,0.10489092486883347,0.007825063061120352,0.030067578148342267,0.045309024668737374,0.018064518762642368
TGT,Target Corporation,Consumer Staples,Consumer Staples Merchandise Retail,2009,2025,17,0.3053992275557657,0.2793376598587517,-0.02606156769701401,-0.0027785873495511093,0.032902542556699,-0.013348395228303778,-0.01595271081279398
TXN,Texas Instruments,Information Technology,Semiconductors,2009,2025,17,0.4794284070202359,0.5702409229725144,0.09081251595227846,-0.011179702307199224,-0.11734645469874583,-0.0707244321204944,-0.011297538565947174
UNH,UnitedHealth Group,Health Care,Managed Health Care,2009,2025,17,0.9797447726594596,0.8868214144474459,-0.0929233582120137,0.0034753399692082354,-0.009208965424346571,0.006386166859546627,-0.010025957089150217
VMC,Vulcan Materials Company,Materials,Construction Materials,2009,2025,17,0.1657549368330675,0.2738411555074234,0.10808621867435589,0.004269725010099479,0.060900976154842495,0.009989619545459794,0.02326031247194399
VRSN,Verisign,Information Technology,Internet Services & Infrastructure,2009,2025,17,0.7614094054155803,0.881504285886756,0.12009488047117567,0.004401422139484912,0.02235627550006225,0.023930842265466157,0.0634886048095834
WAT,Waters Corporation,Health Care,Life Sciences Tools & Services,2009,2025,17,0.6030679922599587,0.5928260511056505,-0.01024194115430821,-0.0014795620544939547,0.012812753465981541,0.018421677996214858,0.005428899222411077
ACN,Accenture,Information Technology,IT Consulting & Other Services,2010,2025,16,0.3139656408885429,0.319139528084181,0.005173887195638105,-0.006954001449261615,-0.0007202219365392004,0.003843078889819107,0.021117025852332716
ADM,Archer Daniels Midland,Consumer Staples,Agricultural Products & Services,2010,2025,16,0.0623034272559255,0.2016749479083186,0.1393715206523931,-0.03539065747468709,0.1271347927230022,0.1324806351121101,0.1422970861021682
ADSK,Autodesk,Information Technology,Application Software,2009,2025,16,0.8880784267958219,0.9057250040776382,0.01764657728181629,-0.0013151996698603785,0.001133539550919438,0.004952319839785835,0.04190046781460188
ALGN,Align Technology,Health Care,Health Care Supplies,2010,2025,16,0.7837680755102989,0.6718803439138491,-0.11188773159644982,-0.028082296858421674,-0.03334921667239288,-0.041419447626482975,-0.08521084387636857
AVY,Avery Dennison,Materials,Paper & Plastic Packaging Products & Materials,2010,2025,16,0.2803752667864326,0.2875388176839252,0.007163550897492599,-0.0014957540807538083,0.02156689507929871,0.0116584476057498,0.011717201769463781
AZO,AutoZone,Consumer Discretionary,Automotive Retail,2010,2025,16,0.5041337198262901,0.5262486365892685,0.022114916762978387,-0.004682121147720486,0.00492633189631253,-0.009752842831949105,0.003341675596506888
CAH,Cardinal Health,Health Care,Health Care Distributors,2010,2025,16,0.0383816500647697,0.036697247706422,-0.0016844023583477002,0.004011544505303999,0.0006096007643607987,-0.008214537386631901,-0.019012732689750803
CIEN,Ciena,Information Technology,Communications Equipment,2010,2025,16,0.4023018899660045,0.4203614755151842,0.01805958554917969,-0.007934732038823167,-0.009170484664970169,-0.047593657849499205,-0.019421258779603767
COO,Cooper Companies (The),Health Care,Health Care Supplies,2010,2025,16,0.5841286748489664,0.6553855928061773,0.0712569179572109,-0.010964461103562417,0.008668146306358593,0.02401449568165548,0.05982284031043417
COST,Costco,Consumer Staples,Consumer Staples Merchandise Retail,2010,2025,16,0.1083207658514195,0.1284320671426235,0.020111301291204003,0.002298753721284408,0.006944893530349702,-0.002425867266500903,0.017572179401346505
CSCO,Cisco,Information Technology,Communications Equipment,2010,2025,16,0.6404345654345655,0.6493804497475907,0.008945884313025232,0.0020559511136855058,0.023897974041091063,0.006736284314840857,0.045629508961195
DRI,Darden Restaurants,Consumer Discretionary,Restaurants,2010,2025,16,0.2290281311945565,0.2047496418723658,-0.024278489322190705,0.005829536516790801,0.007262622142355513,0.0548309801756616,0.03041492868490281
EA,Electronic Arts,Communication Services,Interactive Home Entertainment,2009,2025,16,0.4893267651888341,0.7932466836392872,0.3039199184504531,0.019377336905618825,0.059160000761301235,0.04049248461454458,0.10974723734914327
EBAY,eBay Inc.,Consumer Discretionary,Broadline Retail,2010,2025,16,0.7199005840148515,0.7145045045045045,-0.0053960795103469295,-0.0054215871030030005,-0.01188651131989571,-0.04472049792953303,-0.07937352156625899
EME,Emcor,Industrials,Construction & Engineering,2010,2025,16,0.1405006751235285,0.1932713081071458,0.05277063298361728,0.003443697232702686,0.0484919088229199,0.0346521965652343,0.05269718735865869
EQIX,Equinix,Real Estate,Data Center REITs,2010,2025,16,0.4471456175112715,0.5109037647824671,0.06375814727119561,0.02153476615420924,0.027418533603790818,0.02341804949651033,-0.01529982475436642
EW,Edwards Lifesciences,Health Care,Health Care Equipment,2010,2025,16,0.71782999308915,0.7801107521919705,0.06228075910282049,-0.014447571183339725,-0.019160948164747782,0.026468730442432142,0.02761446153952629
FFIV,"F5, Inc.",Information Technology,Communications Equipment,2010,2025,16,0.8050368945952933,0.8141306290785966,0.009093734483303306,0.0121502447199755,0.014300520151710905,-0.012361125720363075,-0.012800811996960926
FSLR,First Solar,Information Technology,Semiconductors,2010,2025,16,0.4621958521795269,0.4062437732020073,-0.05595207897751964,-0.03544342423021862,0.3795734821836167,0.15519631756027846,0.1493931768753849
GEN,Gen Digital,Information Technology,Systems Software,2009,2025,16,0.8153717627401837,0.8027954256670902,-0.01257633707309358,-0.00544172018810396,-0.051281827551794,-0.03937324903170503,-0.0200380101042682
HON,Honeywell,Industrials,Industrial Conglomerates,2009,2025,16,0.2498705836676588,0.3693445862934672,0.11947400262580843,-0.011506367002807882,0.04111473234884422,0.06497147626787991,0.06261329368829893
HRL,Hormel Foods,Consumer Staples,Packaged Foods & Meats,2010,2025,16,0.1715538300271759,0.1562688746885883,-0.015284955338587591,-0.013362233030132092,-0.017478593568000605,-0.0337680948076744,-0.03896080433408289
HUBB,Hubbell Incorporated,Industrials,Industrial Machinery & Supplies & Components,2010,2025,16,0.326105776798363,0.3531636040105396,0.02705782721217659,0.01486743273933061,0.05574449691459987,0.06427206077117031,0.031136704529652393
IDXX,Idexx Laboratories,Health Care,Health Care Equipment,2010,2025,16,0.5244038383457557,0.6179747110743262,0.09357087272857056,0.007602790994192921,0.022743007798965764,0.03753871165807254,0.06221314912133569
IEX,IDEX Corporation,Industrials,Industrial Machinery & Supplies & Components,2010,2025,16,0.4087595244908871,0.4450614605929139,0.03630193610202681,0.0029420283853759943,-0.0033812937362605044,0.00816577136077612,-0.0024712365151711713
KDP,Keurig Dr Pepper,Consumer Staples,Soft Drinks & Non-alcoholic Beverages,2010,2025,16,0.6020227111426544,0.5420104800337289,-0.06001223110892551,-0.013588503745829428,0.02106006387096304,-0.01626116740989314,-0.05063517421650987
LH,Labcorp,Health Care,Health Care Services,2009,2025,16,0.4198138326197627,0.2875993606513901,-0.1322144719683726,0.008990100836955395,,-0.0667161953810883,-0.05373644945242262
LHX,L3Harris,Industrials,Aerospace & Defense,2010,2025,16,0.3595205624171644,0.2590386869871043,-0.1004818754300601,0.0,-0.029731679910094122,-0.03270584417701572,-0.0795408920016818
LII,Lennox International,Industrials,Building Products,2010,2025,16,0.2880118847694096,0.3339171943872346,0.04590530961782502,0.00218147461863899,0.06164269455678362,0.0477115313620014,0.060686531642815233
LULU,Lululemon Athletica,Consumer Discretionary,"Apparel, Accessories & Luxury Goods",2010,2025,16,0.5549315445747108,0.566005440167168,0.011073895592457195,-0.026243934273597058,0.012114800876311338,0.006246528120744221,0.08206713906594282
MCHP,Microchip Technology,Information Technology,Semiconductors,2009,2025,16,0.5637075577512137,0.5606824790985097,-0.003025078652704072,-0.09368459624467385,-0.0916654515264812,-0.05402686070657925,-0.011997252401101943
MCK,McKesson Corporation,Health Care,Health Care Distributors,2009,2025,16,0.0522161505768063,0.0371061492657032,-0.0151100013111031,-0.004414998100707598,-0.0126351052898077,-0.0149299812855603,-0.026626431928968505
MKC,McCormick & Company,Consumer Staples,Packaged Foods & Meats,2010,2025,16,0.4248681371373771,0.3789599871350672,-0.04590815000230991,-0.006393315362069829,0.020799212392920874,-0.0317303883134894,-0.025411215993206004
MLM,Martin Marietta Materials,Materials,Construction Materials,2010,2025,16,0.1805815048542872,0.3071544715447154,0.12657296669042822,0.019822770198326234,0.07612553002832934,0.042286292513446344,0.10324071930927442
MSFT,Microsoft,Information Technology,Systems Software,2010,2025,16,0.8016292170795724,0.6882374238616519,-0.11339179321792048,-0.00940701441806191,0.004220679018760887,0.010427403933672252,0.041282946409204824
MTD,Mettler Toledo,Health Care,Life Sciences Tools & Services,2010,2025,16,0.5269828237080183,0.5937429449987446,0.06676012129072628,-0.006816506973837511,0.004913008898896343,0.009973845203173681,0.02934181235001554
NDAQ,"Nasdaq, Inc.",Financials,Financial Exchanges & Data,2010,2025,16,0.4760713168595558,0.6353183248608085,0.15924700800125274,0.007075081617565315,0.059989060485607704,0.11941286902288428,0.021154351895777634
NDSN,Nordson Corporation,Industrials,Industrial Machinery & Supplies & Components,2010,2025,16,0.5968157104164846,0.5515604005749928,-0.04525530984149184,-0.000920136957522133,0.0008334129698013282,0.01859731538334697,0.010326077150467183
NKE,"Nike, Inc.",Consumer Discretionary,"Apparel, Accessories & Luxury Goods",2010,2025,16,0.4628379089092247,0.4273467360556263,-0.03549117285359843,-0.018255070727598688,-0.03249055788571392,-0.006869770641697415,-0.032344123720198015
ON,ON Semiconductor,Information Technology,Semiconductors,2010,2025,16,0.4132445750842915,0.3309036928311705,-0.08234088225312103,-0.12320019997201492,-0.1587794759613158,0.0043956052954902125,-0.010420181532351414
ORLY,O’Reilly Automotive,Consumer Discretionary,Automotive Retail,2010,2025,16,0.4855914516375561,0.5159231316716373,0.030331680034081154,0.003938228677175637,0.0036554205349572655,-0.008502364556418507,-0.006583876899317165
PG,Procter & Gamble,Consumer Staples,Personal Care Products,2010,2025,16,0.5196356634320606,0.5116036258364577,-0.008032037595602892,-0.002336330612333959,0.03733722355179808,0.008432378479163782,0.021258970033418867
PH,Parker Hannifin,Industrials,Industrial Machinery & Supplies & Components,2010,2025,16,0.2147566647046591,0.3685138539042821,0.153757189199623,0.010865539130773816,0.0864276366682995,0.1196001945470617,0.128066988391572
PKG,Packaging Corporation of America,Materials,Paper & Plastic Packaging Products & Materials,2010,2025,16,0.2185082480499719,0.21020546649906,-0.008302781550911909,-0.0024912042630503006,-0.0363857106653655,0.004534264071977601,-0.00018518435347489315
PNR,Pentair,Industrials,Industrial Machinery & Supplies & Components,2010,2025,16,0.307063577509764,0.4047653256704981,0.09770174816073413,0.01317132155567502,0.0736963752119606,0.054311352577516514,0.06582905648147663
POOL,Pool Corporation,Consumer Discretionary,Distributors,2010,2025,16,0.2920298485635286,0.2972849830112928,0.005255134447764209,0.0006627007203368063,-0.015578675852601975,0.010007791367592112,0.011375436429394814
RSG,Republic Services,Industrials,Environmental & Facilities Services,2009,2025,16,0.4091790562378797,0.4195648243023326,0.010385768064452905,0.002773407136664019,0.0268342950416397,0.020386207851024685,0.033559732533315734
SNPS,Synopsys,Information Technology,Application Software,2010,2025,16,0.7964062141249735,0.7698457566565516,-0.02656045746842184,-0.026922581682681912,-0.02082860951025367,-0.01451532734219907,0.0012780348854961598
SPGI,S&P Global,Financials,Financial Exchanges & Data,2009,2025,16,0.5991104848934319,0.7024647887323944,0.10335430383896249,,0.03928618216768642,-0.016427982028153876,0.0171645816930569
SWKS,Skyworks Solutions,Information Technology,Semiconductors,2010,2025,16,0.4262102217756419,0.4115833516846509,-0.014626870090991007,-0.00028835726700060516,-0.0631773811564757,-0.0690615212181711,-0.06549128617442102
TDG,TransDigm Group,Industrials,Aerospace & Defense,2010,2025,16,0.5715745951810781,0.6014041444909977,0.029829549309919545,0.012991046254221872,0.030580788440159545,0.08268966281355306,0.06583583653215586
TDY,Teledyne Technologies,Information Technology,Electronic Equipment & Instruments,2010,2025,16,0.3017272837854275,0.4275762828269614,0.1258489990415339,-0.0018417065910280028,0.0006719483822320016,0.04493743894127683,0.04887213592299733
TER,Teradyne,Information Technology,Semiconductor Materials & Equipment,2010,2025,16,0.5425350449134367,0.582235431457569,0.039700386544132216,-0.0025153380787233948,-0.009563100734523378,0.01015190283690992,0.023772827055704604
TPR,"Tapestry, Inc.",Consumer Discretionary,"Apparel, Accessories & Luxury Goods",2010,2025,16,0.7300323535966489,0.7544039824839175,0.024371628887268626,0.02147737257865312,0.05870497732272373,0.10150359146525345,0.06049234969452921
TRMB,Trimble Inc.,Information Technology,Electronic Equipment & Instruments,2010,2025,16,0.498865864412255,0.6907423410364341,0.19187647662417906,0.040157267868351054,0.11799256544684666,0.13322415315321778,0.16585585832599048
TSN,Tyson Foods,Consumer Staples,Packaged Foods & Meats,2010,2025,16,0.0884277172001407,0.0654286291581712,-0.022999088041969498,-0.0026086628563103953,-0.0597168233398581,-0.05924428967938809,-0.029246642154037203
WAB,Wabtec,Industrials,Construction Machinery & Heavy Transportation Equipment,2010,2025,16,0.2979923185747691,0.3408256469956121,0.042833328420842975,0.0167667271920115,0.03707056447946766,0.05799455688298788,0.024073339406550653
WMT,Walmart,Consumer Staples,Consumer Staples Merchandise Retail,2009,2025,16,0.2478459236728667,0.2413281386667615,-0.006517785006105198,0.0040324336264355165,-0.0030735648639431956,0.00029191428098351846,-0.0015917189112771013
WST,West Pharmaceutical Services,Health Care,Health Care Supplies,2010,2025,16,0.2879514800398298,0.3591295013174587,0.0711780212776289,0.0140099105529074,-0.034441457150101606,0.001497566900392211,0.03351155589668431
WY,Weyerhaeuser,Real Estate,Timber REITs,2010,2025,16,0.177045177045177,0.1484431571325126,-0.028602019912664395,-0.035863412210553086,-0.20701638725083382,-0.12837574886854952,-0.047546676247888386
ZBRA,Zebra Technologies,Information Technology,Electronic Equipment & Instruments,2010,2025,16,0.481653303345986,0.4805411415863602,-0.001112161759625807,-0.0038997337398795073,0.026640432366502098,0.03022639338492139,0.030130182682250595
AES,AES Corporation,Utilities,Independent Power Producers & Energy Traders,2011,2025,15,0.2393192080583536,0.1807406196354124,-0.0585785884229412,-0.007726557429256098,-0.02120913070143468,-0.0980378482734903,-0.010798510218226504
ALB,Albemarle Corporation,Materials,Specialty Chemicals,2010,2025,15,0.3156989017946777,0.1300318332684197,-0.185667068526258,0.11840213589457159,,-0.18792340288577972,-0.1977584133126253
BLDR,Builders FirstSource,Industrials,Building Products,2011,2025,15,0.2027293275642317,0.3038566912067814,0.10112736364254968,-0.02436785230081584,-0.0369088003018232,0.0441748685745052,0.050952506099786576
BR,Broadridge Financial Solutions,Industrials,Data Processing & Outsourced Services,2011,2025,15,0.2537265217591952,0.31017113991668,0.056444618157484805,0.012958992624616306,0.031283048974149685,0.031102912935006388,-0.011260082709702579
CDW,CDW Corporation,Information Technology,Technology Distributors,2011,2025,15,0.1653128384570524,0.2173286776280876,0.052015839171035194,-0.0018467951392741877,0.019987349471178,0.04350439172041201,0.05443323774572842
CRM,Salesforce,Information Technology,Application Software,2009,2025,15,0.8024445783990753,0.7767609873570138,-0.025683591042061527,0.02179068010165619,0.041973126870829325,0.0326427867170741,0.016688291023504
CSGP,CoStar Group,Real Estate,Real Estate Services,2011,2025,15,0.649766821059991,0.7887280566676933,0.13896123560770235,-0.007156747074723135,-0.021568777229316383,-0.025036583761379516,0.05410393968509797
DXCM,Dexcom,Health Care,Health Care Equipment,2011,2025,15,0.4699866257572181,0.601008151008151,0.13102152525093286,-0.0035542095175122856,-0.046149729258534,-0.06339211888337337,-0.0915291624246849
EL,Estée Lauder Companies (The),Consumer Staples,Personal Care Products,2011,2025,15,0.7801475595913734,0.7397040346223649,-0.04044352496900849,0.023148422115957912,-0.01758299249608808,-0.011800092983623611,-0.06544234213545486
FICO,Fair Isaac,Information Technology,Application Software,2010,2025,15,0.7012563506884418,0.8223278377432166,0.12107148705477477,0.025064797765946945,0.0417285362264479,,0.14486137152617062
FIX,Comfort Systems USA,Industrials,Construction & Engineering,2011,2025,15,0.1463298979048725,0.2412640753464128,0.09493417744154031,0.031172856251534403,0.06214745661434001,0.049787598805110606,0.03998272409407111
FTNT,Fortinet,Information Technology,Systems Software,2011,2025,15,0.737997490636013,0.8045620330607682,0.06656454242475518,-0.0010728102852138877,0.0501589905470724,0.02426601085910307,0.08870559056977478
HAS,Hasbro,Consumer Discretionary,Leisure Products,2011,2025,15,0.5715261076132125,0.7242890264394954,0.1527629188262829,0.009502422643098418,0.05071858574763821,0.03879015654001983,0.10136145057624257
JBL,Jabil,Information Technology,Electronic Manufacturing Services,2011,2025,15,0.0759478866144672,0.0887859875176162,0.012838100903148991,-0.0038636679890832054,0.010167193085451803,0.0179731809456687,0.00480355612796049
JKHY,Jack Henry & Associates,Financials,Transaction & Payment Processing Services,2011,2025,15,0.4130057286350045,0.4271233635668601,0.014117634931855583,0.013650910087058599,0.00801959823655729,0.021362718878111808,0.0005525422739028896
KLAC,KLA Corporation,Information Technology,Semiconductor Materials & Equipment,2011,2025,15,0.6034088915638138,0.6090980853989936,0.00568919383517974,0.009421579090092003,-0.0009229059661811645,0.03096893051812366,0.040941667369314594
LDOS,Leidos,Industrials,Diversified Support Services,2010,2025,15,0.1335792030223981,0.1772373882036593,0.043658185181261217,0.013627349593620719,0.03899982958393511,0.04302405705665602,0.044707267721731614
LRCX,Lam Research,Information Technology,Semiconductor Materials & Equipment,2011,2025,15,0.4624379148980462,0.4870502388559173,0.024612323957871107,0.0138796010743798,0.030105374448284705,0.028233501412543993,0.052709017038310824
MPWR,Monolithic Power Systems,Information Technology,Semiconductors,2011,2025,15,0.5169678249940209,0.551787716644466,0.03481989165044508,-0.00136800806216264,-0.03264121563982714,5.022068575333272e-06,0.010848506215333176
MU,Micron Technology,Information Technology,Semiconductors,2011,2025,15,0.2000455166135639,0.397907860238643,0.1978623436250791,0.1743803225061752,-0.05394206498406329,0.0922395607284961,0.07583523178014501
NTAP,NetApp,Information Technology,"Technology Hardware, Storage & Peripherals",2011,2025,15,0.6498067387654707,0.7019172245891662,0.052110485823695485,-0.005325915168332251,0.0339843344340538,0.03247893929722234,0.07585355986608644
NVDA,Nvidia,Information Technology,Semiconductors,2010,2025,15,0.397676296365911,0.7498869705816992,0.35221067421578817,0.022711237677329632,0.10059663841256783,0.12999321714700418,0.1946219672398266
NXPI,NXP Semiconductors,Information Technology,Semiconductors,2011,2025,15,0.4544587505960896,0.5473958757844976,0.09293712518840797,-0.01697704319441473,-0.021858194643370688,0.05564018604924448,0.09058551682694965
PODD,Insulet Corporation,Health Care,Health Care Equipment,2011,2025,15,0.4381596663492167,0.7163324840293933,0.2781728176801766,0.01846610055768061,-0.04698000412675607,0.07248020627618679,0.25938437700495043
PPG,PPG Industries,Materials,Specialty Chemicals,2011,2025,15,0.3899227410144441,0.4131653543307086,0.023242613316264538,-0.0029280505288684644,0.041762680412739006,-0.024668966906822076,-0.02643020992238987
RCL,Royal Caribbean Group,Consumer Discretionary,"Hotels, Resorts & Cruise Lines",2010,2025,15,0.3397892100471173,0.4935600780596599,0.15377086801254258,0.018432681796617,0.24174242891153092,0.7454170776589907,
RMD,ResMed,Health Care,Health Care Equipment,2011,2025,15,0.596329640557681,0.5936214313626009,-0.00270820919508008,0.02689044291085496,0.02787544191057756,0.012702105001844322,-0.00879013041073795
ROST,Ross Stores,Consumer Discretionary,Apparel Retail,2010,2024,15,0.271591385820165,0.2777534276113092,0.006162041791144213,0.004143173746413598,0.002469549902817003,-0.0029913510925472786,-0.003338022537069496
SBAC,SBA Communications,Real Estate,Telecom Tower REITs,2011,2025,15,0.9997321569245312,8.687870657428691,7.68813850050416,-5.03569003833042,2.0696726710436657,-3.7988002579646523,7.959098031192328
SWK,Stanley Black & Decker,Industrials,Industrial Machinery & Supplies & Components,2010,2025,15,0.3506468797564688,0.3032504097710569,-0.047396469985411915,0.009453186084534382,0.050462371487898394,-0.038547782129649044,-0.06123875043589272
TECH,Bio-Techne,Health Care,Life Sciences Tools & Services,2011,2025,15,0.7757464771245888,0.6479577906504815,-0.12778868647410724,-0.01613638911588089,-0.03628305978444102,-0.006164162913322557,-0.03148879373058544
TSLA,"Tesla, Inc.",Consumer Discretionary,Automobile Manufacturers,2011,2025,15,0.3015785195992989,0.1802651143661615,-0.12131340523313738,0.0016388476039546074,-0.0757192709914285,-0.02997080648619771,-0.047984340345561705
TYL,Tyler Technologies,Information Technology,Application Software,2011,2025,15,0.4586817328235146,0.4646406613101005,0.005958928486585913,0.0269197861873694,0.040977649015240036,-0.02119257575425998,-0.004355416670076162
URI,United Rentals,Industrials,Trading Companies & Distributors,2011,2025,15,0.3439295289161241,1.6627875507442489,1.3188580218281247,-0.05125927199822611,-0.3348134088719048,1.289633975128774,1.2364509511224508
VRTX,Vertex Pharmaceuticals,Health Care,Biotechnology,2011,2025,15,0.9548959114605856,0.8624065726212994,-0.09248933883928623,0.001289159893647196,-0.016628665377961593,-0.018944118350185946,-0.024111963979187245
WSM,"Williams-Sonoma, Inc.",Consumer Discretionary,Homefurnishing Retail,2010,2025,15,0.392065369198535,0.4615263123916331,0.06946094319309809,-0.0030110608778599057,0.037551652192567286,0.0728788782717818,0.09091123107276633
XYL,Xylem Inc.,Industrials,Industrial Machinery & Supplies & Components,2011,2025,15,0.3841703917959506,0.3846153846153846,0.00044499281943399804,0.009469390688731982,-0.00903780767777751,-0.006326721772139443,0.00027374760470849635
YUM,Yum! Brands,Consumer Discretionary,Restaurants,2009,2025,15,0.2678110003691399,0.6977112247382518,0.42990022436911185,-0.021456876997077434,-0.047246389994282545,-0.035834422820134604,0.4118661274471416
